zip_code,year,avg
10001,2003,985242.612244898
10001,2004,1223372.85714286
10001,2005,6944725.73809524
10001,2006,1785835.65625
10001,2007,1640491.76719577
10001,2008,1451334.6796875
10001,2009,2946425.31578947
10001,2010,2893142.07368421
10001,2011,1762753.43478261
10001,2012,3548544.77647059
10001,2013,2585591.48965517
10001,2014,2107603.11428571
10002,2003,506253.189944134
10002,2004,741453.879518072
10002,2005,991727.374233129
10002,2006,996494.263779528
10002,2007,1327904.64285714
10002,2008,1407847.17687075
10002,2009,363164.511811024
10002,2010,965073.090277778
10002,2011,832268.904
10002,2012,1616791.29444444
10002,2013,1443483.5492228
10002,2014,1656234.77310924
10003,2003,690007.287671233
10003,2004,1320413.25098039
10003,2005,1733924.18222222
10003,2006,1725586.13304721
10003,2007,1499106.78983834
10003,2008,2119963.37662338
10003,2009,1612007.91358025
10003,2010,2637629.57312253
10003,2011,2078369.02739726
10003,2012,2065817.31418919
10003,2013,3057545.87739464
10003,2014,1798896.60069444
10004,2003,1782610.64
10004,2004,1553462.84615385
10004,2005,0
10004,2006,614947.340909091
10004,2007,5287500
10004,2008,990399.791666667
10004,2009,1168725.904
10004,2010,867201.326996198
10004,2011,893109.074626866
10004,2012,3145333.6056338
10004,2013,820806.934065934
10004,2014,990326.128571429
10005,2003,3318215
10005,2004,11444961.5384615
10005,2005,1011769.22972973
10005,2006,922624.226611227
10005,2007,960535.808139535
10005,2008,1060237.34594595
10005,2009,892687.530726257
10005,2010,919423.54109589
10005,2011,1977775.84337349
10005,2012,886662.089820359
10005,2013,921810.803571429
10005,2014,1119411.15231788
10006,2003,3062500
10006,2004,32812135.3333333
10006,2005,2059075
10006,2006,986214.272727273
10006,2007,796815.014354067
10006,2008,976980.777070064
10006,2009,583662.784313726
10006,2010,598876.604651163
10006,2011,861617.564516129
10006,2012,1241870.72727273
10006,2013,1213640.01
10006,2014,1649380.14423077
10007,2003,1077406.19298246
10007,2004,2619817.54368932
10007,2005,1119648.71052632
10007,2006,1988945
10007,2007,1657626.82919255
10007,2008,2159728.06460674
10007,2009,2078194.16521739
10007,2010,1884641.16363636
10007,2011,1664453.80672269
10007,2012,1988626.10344828
10007,2013,2138556.70440252
10007,2014,3434394.36842105
10009,2003,480833.504504504
10009,2004,655682.576576577
10009,2005,1164097.01709402
10009,2006,39458498.8085106
10009,2007,2007563.48113208
10009,2008,1089554.66120219
10009,2009,605435.295081967
10009,2010,1317224.40217391
10009,2011,1685360.97619048
10009,2012,1940248.44680851
10009,2013,2855126.18461538
10009,2014,54883032.8809524
10010,2003,744692.020618557
10010,2004,989476.625766871
10010,2005,1166326.088
10010,2006,1895677.83700441
10010,2007,2040793.22222222
10010,2008,1247345.96111111
10010,2009,1455977.08938547
10010,2010,1638673.57476636
10010,2011,1991569.83478261
10010,2012,1389645.31675393
10010,2013,3399253.5530303
10010,2014,3661916.86382979
10011,2003,887756.618686869
10011,2004,1542387.40857143
10011,2005,1348048.90585774
10011,2006,1228118.03002611
10011,2007,1785856.79509632
10011,2008,1624338.48268156
10011,2009,1464667.61716172
10011,2010,1993531.70623742
10011,2011,2218399.57078652
10011,2012,2174187.72945205
10011,2013,2587193.29541596
10011,2014,3521007.71323529
10012,2003,1751348.94630872
10012,2004,1546374.35714286
10012,2005,1836885.1682243
10012,2006,2133342.27536232
10012,2007,2203737.28658537
10012,2008,2580479.00724638
10012,2009,2085904.94690265
10012,2010,1822693.64661654
10012,2011,2589193.70866142
10012,2012,3767517.50273224
10012,2013,2976462.44502618
10012,2014,4082266.2300885
10013,2003,1671998.51601423
10013,2004,1651099.33769634
10013,2005,1854029.97619048
10013,2006,2159696.03603604
10013,2007,2267144.59219089
10013,2008,2039861.82133333
10013,2009,1763174.50367647
10013,2010,2452412.32019704
10013,2011,2519047.62138728
10013,2012,2709565.29493088
10013,2013,3033850.05982906
10013,2014,3038464.3264095
10014,2003,952996.53559322
10014,2004,1671305.06617647
10014,2005,2048075.9550173
10014,2006,2659013.44150943
10014,2007,2309207.62068966
10014,2008,2376914.50862069
10014,2009,2549171.09205021
10014,2010,2606461.06593407
10014,2011,3081587.90789474
10014,2012,2587554.2767624
10014,2013,3136554.32513661
10014,2014,5200071.98522167
10016,2003,462857.879875195
10016,2004,862669.706935123
10016,2005,1154378.73166927
10016,2006,1453460.34133791
10016,2007,1420258.0552659
10016,2008,1185125.68428005
10016,2009,866976.864361702
10016,2010,888892.99787234
10016,2011,2152104.15031315
10016,2012,1664463.50890208
10016,2013,1734551.88905547
10016,2014,1446279.4516696
10017,2003,590107.192170818
10017,2004,974187.955334988
10017,2005,1245780.90372671
10017,2006,2214644.83842795
10017,2007,1893988.04280156
10017,2008,1032263.44262295
10017,2009,947435.593301435
10017,2010,966309.169312169
10017,2011,974095.755434783
10017,2012,860187.260504202
10017,2013,1648188.90298507
10017,2014,1563337.65384615
10018,2003,299148.8125
10018,2004,5168852.88888889
10018,2005,1242025
10018,2006,649493.179347826
10018,2007,3545366.875
10018,2008,772387.18
10018,2009,5773222.33333333
10018,2010,1584797
10018,2011,1286671.79012346
10018,2012,1839497.7875
10018,2013,2036852.58928571
10018,2014,2128202.36363636
10019,2003,749460.48700565
10019,2004,1531103.03341902
10019,2005,1943925.50847458
10019,2006,1449196.17861206
10019,2007,2342333.63855422
10019,2008,2328341.4375
10019,2009,903562.758227848
10019,2010,1622764.66603416
10019,2011,1163411.72
10019,2012,1441790.00797872
10019,2013,2465158.98652291
10019,2014,3966226.46830266
10021,2003,1094725.80212014
10021,2004,2899702.94731978
10021,2005,1610213.89555556
10021,2006,2679309.85736926
10021,2007,2783609.16142857
10021,2008,2390138.81164384
10021,2009,1968563.82374101
10021,2010,2903329.65447154
10021,2011,2624094.61290323
10021,2012,1862118.35897436
10021,2013,2495127.60277778
10021,2014,3890414.35319149
10022,2003,1115901.66937669
10022,2004,1120648.11247444
10022,2005,2210068.58425197
10022,2006,2005054.69726562
10022,2007,1971364.95833333
10022,2008,1863413.71714922
10022,2009,1574949.18828452
10022,2010,2634364.94333333
10022,2011,1409491.98442368
10022,2012,2035184.696
10022,2013,1878016.2839196
10022,2014,2728151.59302326
10023,2003,981673.169836957
10023,2004,1146460.58421053
10023,2005,1477779.35172414
10023,2006,1395977.88235294
10023,2007,2332038.93297872
10023,2008,3360097.3519695
10023,2009,1740867.69756839
10023,2010,1878519.52980132
10023,2011,2368122.62524272
10023,2012,2014045.34119497
10023,2013,2070983.45121951
10023,2014,2212857.59819413
10024,2003,748275.463700234
10024,2004,994357.530567686
10024,2005,1110818.02398082
10024,2006,1364283.24
10024,2007,2106612.53054662
10024,2008,1289475.72923077
10024,2009,1043142.9832636
10024,2010,1876513.29916898
10024,2011,2252418.38834951
10024,2012,2557363.98705502
10024,2013,2789068.20086393
10024,2014,2140946.73376623
10025,2003,784819.046997389
10025,2004,949264.068075117
10025,2005,1432488.2326454
10025,2006,1618599.95588235
10025,2007,1185453.90498442
10025,2008,1651633.75605536
10025,2009,1029188.31410256
10025,2010,1081915.86772487
10025,2011,1120697.25490196
10025,2012,2891321.53362256
10025,2013,1567766.87775551
10025,2014,1550208.66285714
10026,2003,535323.941176471
10026,2004,376754.850162866
10026,2005,722559.450617284
10026,2006,770647.122065728
10026,2007,879810.701492537
10026,2008,649910.8515625
10026,2009,563213.893258427
10026,2010,672236.055374593
10026,2011,644625.893877551
10026,2012,888783.196428571
10026,2013,1370647.24054983
10026,2014,1379575.20746888
10027,2003,322595.470833333
10027,2004,651041.614678899
10027,2005,915818.18487395
10027,2006,1071511.62303665
10027,2007,1105583.37800687
10027,2008,883177.570680628
10027,2009,560560.836734694
10027,2010,688549.6875
10027,2011,905929.048913043
10027,2012,1058948.55327869
10027,2013,1136167.3099631
10027,2014,1301294.63313609
10028,2003,829138.524193548
10028,2004,1186354.75520833
10028,2005,2002903.81690141
10028,2006,1624919.5
10028,2007,2158525.92307692
10028,2008,2642399.69014085
10028,2009,1570261.88791209
10028,2010,2152182.24233129
10028,2011,2166293.00952381
10028,2012,2466406.29583333
10028,2013,2003860.17928287
10028,2014,5110743.10714286
10029,2003,473231.279220779
10029,2004,880315.783783784
10029,2005,1303230.30985915
10029,2006,1209165.01030928
10029,2007,1776085.74850299
10029,2008,590535.307692308
10029,2009,1468158.91358025
10029,2010,735770.684210526
10029,2011,609734.26446281
10029,2012,974747.377192982
10029,2013,2393145.8244898
10029,2014,4903630.86792453
10030,2003,493018.527777778
10030,2004,536044.573426573
10030,2005,680394.624561404
10030,2006,708166.239130435
10030,2007,1049960.5982906
10030,2008,852674.705263158
10030,2009,581854.403846154
10030,2010,750472.074074074
10030,2011,502862.581818182
10030,2012,1257393.72826087
10030,2013,1335716.15652174
10030,2014,1195246.70149254
10031,2003,725883.657303371
10031,2004,975510.762162162
10031,2005,1298858.14673913
10031,2006,1182922.22619048
10031,2007,1220376.38679245
10031,2008,619481.845070423
10031,2009,586020.867647059
10031,2010,816674.215686274
10031,2011,1051470.34693878
10031,2012,1465969.35151515
10031,2013,2030362.29767442
10031,2014,1907787.39726027
10032,2003,1190990.24528302
10032,2004,1889101.87378641
10032,2005,1740038.61538462
10032,2006,1714858.95959596
10032,2007,2805332.24137931
10032,2008,892144.782178218
10032,2009,638545.739130435
10032,2010,1770944.7
10032,2011,1820784.82608696
10032,2012,2639467.22988506
10032,2013,3044374.18888889
10032,2014,1903353
10033,2003,1086622.10769231
10033,2004,1837130.21875
10033,2005,1299335.92
10033,2006,3035608.43076923
10033,2007,3644095.5
10033,2008,2319263.75471698
10033,2009,1056818.18181818
10033,2010,2825792.31034483
10033,2011,923306.530612245
10033,2012,2874791.20289855
10033,2013,1320370.2688172
10033,2014,3936733.92857143
10034,2003,1468539.69230769
10034,2004,2022471.12820513
10034,2005,1812520.10204082
10034,2006,1451153.75862069
10034,2007,1850479.92
10034,2008,1958916.78571429
10034,2009,1678748.33333333
10034,2010,2017112.22222222
10034,2011,1025572.85714286
10034,2012,2284257.62068966
10034,2013,3320585.59090909
10034,2014,2227919.14705882
10035,2003,502319.921052632
10035,2004,722879.082089552
10035,2005,1080864.11494253
10035,2006,1312687.80722892
10035,2007,1338059.79807692
10035,2008,589859.416666667
10035,2009,810017.367346939
10035,2010,450274.311827957
10035,2011,628360.263565891
10035,2012,801101.212121212
10035,2013,344209.469230769
10035,2014,2711036.35211268
10036,2003,2166971.43373494
10036,2004,1037930
10036,2005,3752800
10036,2006,869855.183833116
10036,2007,1241906.12103746
10036,2008,625333.581322141
10036,2009,888883.377777778
10036,2010,1017575.2687747
10036,2011,1101666.85781991
10036,2012,661174.63064833
10036,2013,1799855.63868613
10036,2014,1318801.93434343
10037,2003,155982.785714286
10037,2004,506652.604166667
10037,2005,3551376.63636364
10037,2006,1756960.63043478
10037,2007,756933.805555556
10037,2008,374933.428571429
10037,2009,653556.181818182
10037,2010,5964978.66666667
10037,2011,2677341
10037,2012,667995.3
10037,2013,516074.671232877
10037,2014,531580.380952381
10038,2003,753263.243055556
10038,2004,1197719.35714286
10038,2005,1932411.54054054
10038,2006,1084009.58762887
10038,2007,1052493.93536122
10038,2008,823563.649068323
10038,2009,666540.710691824
10038,2010,2520040.17647059
10038,2011,1089873.65
10038,2012,3754975.41237113
10038,2013,1181399.42391304
10038,2014,1685623.98672566
10039,2003,1491631.61538462
10039,2004,2447734
10039,2005,6551605.27777778
10039,2006,953478.652173913
10039,2007,884523.436046512
10039,2008,1403432.85
10039,2009,1141145.30769231
10039,2010,1943566.25531915
10039,2011,1149956.67948718
10039,2012,573951.161290323
10039,2013,3214856.8
10039,2014,1095122.19512195
10040,2003,1595785.24137931
10040,2004,1201411.33333333
10040,2005,2157300.62962963
10040,2006,3645809.82608696
10040,2007,4688819.8
10040,2008,4246777.03703704
10040,2009,1235539.13043478
10040,2010,1831714.28571429
10040,2011,1445230.1875
10040,2012,2026266.96666667
10040,2013,4338521.08888889
10040,2014,4558553.93103448
10044,2003,0
10044,2006,478504.87804878
10044,2007,602914.465346535
10044,2008,524972.75
10044,2009,645283.53030303
10044,2010,633936.026315789
10044,2011,686189.380952381
10044,2012,674218.170731707
10044,2013,914528.62962963
10044,2014,826500
10065,2005,1750000
10065,2006,7096128
10065,2007,2363227.69607843
10065,2008,1111050.44976636
10065,2009,1906805.4229249
10065,2010,2439409.05576208
10065,2011,2789476.87632509
10065,2012,1322245.20325203
10065,2013,2932803.77521008
10065,2014,5904203.25172414
10069,2003,973707.758024691
10069,2004,1188669.49006623
10069,2005,3964672.80603448
10069,2006,1871332.16546763
10069,2007,1707136.07843137
10069,2008,1608800.57358491
10069,2009,1546527.93142857
10069,2010,1793908.75348837
10069,2011,1872407.37394958
10069,2012,1872113.14760148
10069,2013,3222537.60995851
10069,2014,1901178.61417323
10075,2003,0
10075,2004,500000
10075,2005,832512.5
10075,2006,0
10075,2007,1260825.37209302
10075,2008,1926707.91240876
10075,2009,1326267.38311688
10075,2010,1647605.5
10075,2011,1565383.05142857
10075,2012,2103155.14009662
10075,2013,3013290.38427948
10075,2014,2424754.41836735
10128,2003,469424.413133832
10128,2004,1264158.33789062
10128,2005,1396353.38284519
10128,2006,1306091.38267148
10128,2007,1317453.02995392
10128,2008,1901427.76307692
10128,2009,1398991.14
10128,2010,1317193.73758865
10128,2011,2044162.18852459
10128,2012,1936526.85579937
10128,2013,1675513.27863777
10128,2014,3916731.26102941
10129,2013,4850000
10129,2014,4800000
10280,2003,339612.386666667
10280,2004,451292.411764706
10280,2005,662770.946524064
10280,2006,654819.564748201
10280,2007,684451.770428016
10280,2008,979754.99380805
10280,2009,1339826.30625
10280,2010,1014267.96103896
10280,2011,999084.781690141
10280,2012,951059.755274262
10280,2013,1007083.61752988
10280,2014,1294723.82634731
10282,2008,2534868.68421053
10282,2009,2526650.33333333
10282,2010,2383716.94736842
10282,2012,2498981.25
10282,2014,2947500
10301,2003,222717.762589928
10301,2004,344658.647492625
10301,2005,331725.071646341
10301,2006,346727.737704918
10301,2007,350272.617834395
10301,2008,297309.469483568
10301,2009,232090.372151899
10301,2010,255336.783715013
10301,2011,288983.448630137
10301,2012,250721.142857143
10301,2013,288394.964200477
10301,2014,260543.290322581
10302,2003,178567.6
10302,2004,206213.756592292
10302,2005,250597.24726477
10302,2006,339074.442408377
10302,2007,250420.326315789
10302,2008,196637.038626609
10302,2009,195443.75862069
10302,2010,193863.776536313
10302,2011,200997.463087248
10302,2012,160599.967105263
10302,2013,233558.270935961
10302,2014,211950.505747126
10303,2003,187634.689504373
10303,2004,206752.945205479
10303,2005,242797.820181113
10303,2006,264883.324717286
10303,2007,352387.995423341
10303,2008,200394.723529412
10303,2009,200533.822629969
10303,2010,192768.826446281
10303,2011,167424.28313253
10303,2012,151130.623809524
10303,2013,169994.836206897
10303,2014,192553.721052632
10304,2003,223114.610789981
10304,2004,266615.51371807
10304,2005,304674.608531995
10304,2006,333909.084
10304,2007,339293.749598716
10304,2008,295167.091976517
10304,2009,221509.46713615
10304,2010,287327.342783505
10304,2011,288771.442906574
10304,2012,275975.809264305
10304,2013,366735.770526316
10304,2014,286559.426934097
10305,2003,199021.879406308
10305,2004,263809.024485798
10305,2005,298101.961098398
10305,2006,296466.024516129
10305,2007,354486.284731774
10305,2008,228062.605454545
10305,2009,229965.027667984
10305,2010,234887.630390144
10305,2011,301892.290575916
10305,2012,213319.883826879
10305,2013,208252.845714286
10305,2014,253045.048837209
10306,2003,222037.1443769
10306,2004,259550.931564246
10306,2005,309367.903174603
10306,2006,304093.357080799
10306,2007,307893.173957274
10306,2008,274014.79760479
10306,2009,248267.583743842
10306,2010,256225.46124031
10306,2011,246073.621323529
10306,2012,219133.353805073
10306,2013,302459.096440873
10306,2014,304377.067857143
10307,2003,344165.138271605
10307,2004,352915.413043478
10307,2005,406303.084057971
10307,2006,431667.141342756
10307,2007,395959.362445415
10307,2008,387609.188118812
10307,2009,374551.206349206
10307,2010,332248.124293785
10307,2011,316525.483870968
10307,2012,321779.145945946
10307,2013,350427.77294686
10307,2014,357896.1875
10308,2003,255486.004160888
10308,2004,293158.067823344
10308,2005,328930.096676737
10308,2006,309929.832976445
10308,2007,300825.849236641
10308,2008,256135.37260274
10308,2009,268692.81530343
10308,2010,269932.35883905
10308,2011,233334.68989547
10308,2012,230321.349295775
10308,2013,246462.441860465
10308,2014,282396.284280936
10309,2003,291622.403885481
10309,2004,337612.818292683
10309,2005,389138.672972973
10309,2006,369017.673130194
10309,2007,388476.379905808
10309,2008,343937.2
10309,2009,330271.777522936
10309,2010,334289.470588235
10309,2011,359875.402144772
10309,2012,336548.532956686
10309,2013,355965.577981651
10309,2014,363121.68128655
10310,2003,187852.467874794
10310,2004,232234.795180723
10310,2005,272668.889108911
10310,2006,294948.606060606
10310,2007,252619.861502347
10310,2008,230925.530612245
10310,2009,228714.969798658
10310,2010,226875.424561404
10310,2011,234071.38121547
10310,2012,240830.886639676
10310,2013,218443.345762712
10310,2014,256936.358208955
10312,2003,254521.139534884
10312,2004,293751.380670611
10312,2005,337751.678117999
10312,2006,339041.054054054
10312,2007,325755.784371909
10312,2008,291084.367597765
10312,2009,277784.990632318
10312,2010,274909.018276762
10312,2011,248939.837245696
10312,2012,274058.515006002
10312,2013,290272.521868787
10312,2014,302105.508843537
10314,2003,211288.371601208
10314,2004,267116.262145262
10314,2005,292793.285072952
10314,2006,297513.41713571
10314,2007,276211.219225449
10314,2008,214047.512272367
10314,2009,236498.868540345
10314,2010,232520.04632427
10314,2011,215739.255060729
10314,2012,225594.499545041
10314,2013,246019.038897893
10314,2014,262265.769072165
10451,2003,271518.617977528
10451,2004,315678.411764706
10451,2005,539336.9375
10451,2006,470658.357142857
10451,2007,757364.550724638
10451,2008,599565.714285714
10451,2009,377789.35
10451,2010,1099844.05714286
10451,2011,525264.405405405
10451,2012,913933.333333333
10451,2013,634717.923076923
10451,2014,843422.580645161
10452,2003,429983.105769231
10452,2004,636432.83
10452,2005,712842.619834711
10452,2006,735786.369565217
10452,2007,1872280.67777778
10452,2008,651505.620689655
10452,2009,604545.8
10452,2010,1946991.90196078
10452,2011,1237606
10452,2012,1449502.63235294
10452,2013,1824234.54716981
10452,2014,1545252.57446809
10453,2003,502059.507772021
10453,2004,428862.87283237
10453,2005,426880.556149733
10453,2006,806095.322222222
10453,2007,956517.511278196
10453,2008,950971.317307692
10453,2009,691714.674418605
10453,2010,862780.260869565
10453,2011,740337.586666667
10453,2012,2117666.13084112
10453,2013,1626057.30851064
10453,2014,1030893.1625
10454,2003,432937.051020408
10454,2004,408808.883211679
10454,2005,279804.070707071
10454,2006,272798.229166667
10454,2007,424842.26984127
10454,2008,756939.614035088
10454,2009,698629.371428571
10454,2010,226625.264705882
10454,2011,281417.88372093
10454,2012,496088.87037037
10454,2013,223800.6
10454,2014,304843.836363636
10455,2003,281555.241935484
10455,2004,194008.73015873
10455,2005,339523.049689441
10455,2006,461088.769230769
10455,2007,405798.611764706
10455,2008,513401.284090909
10455,2009,722056.059701493
10455,2010,319168.348484849
10455,2011,406467.225806452
10455,2012,1547460.12903226
10455,2013,739755.152777778
10455,2014,645705.763636364
10456,2003,322002.436363636
10456,2004,274166.720338983
10456,2005,367621.616949153
10456,2006,509620.076335878
10456,2007,594424.099616858
10456,2008,443547.192513369
10456,2009,210053.485981308
10456,2010,901431.727272727
10456,2011,724792.024193548
10456,2012,944075.046728972
10456,2013,1105006.625
10456,2014,678110.67768595
10457,2003,382160.604395604
10457,2004,486303.074468085
10457,2005,555902.335664336
10457,2006,549456.026315789
10457,2007,954547.666666667
10457,2008,601927.72611465
10457,2009,420352.161290323
10457,2010,1209819.23846154
10457,2011,363105.642201835
10457,2012,559588.603305785
10457,2013,674991.41958042
10457,2014,1369610.23529412
10458,2003,339685.69921875
10458,2004,414299.090252708
10458,2005,550166.344262295
10458,2006,614962.575289575
10458,2007,976728.978540773
10458,2008,802760.775280899
10458,2009,438910.734513274
10458,2010,587094.542253521
10458,2011,660710.144
10458,2012,737614.893442623
10458,2013,1054705.57692308
10458,2014,973231.865591398
10459,2003,199808.72
10459,2004,310513.528225806
10459,2005,302644.485232068
10459,2006,443955.160493827
10459,2007,340298.973214286
10459,2008,256163.654411765
10459,2009,188128.240740741
10459,2010,264459.929411765
10459,2011,498310.66
10459,2012,693870.438095238
10459,2013,558736.708737864
10459,2014,584056.333333333
10460,2003,210925.345588235
10460,2004,390174.665594855
10460,2005,377353.033783784
10460,2006,426752.63022508
10460,2007,710789.445783133
10460,2008,452310.895705521
10460,2009,319853.174311927
10460,2010,557413.848484849
10460,2011,663957.47706422
10460,2012,440940.016949153
10460,2013,628440.322368421
10460,2014,1426137.97916667
10461,2003,180328.780201342
10461,2004,258257.1950078
10461,2005,310534.363787375
10461,2006,385494.098039216
10461,2007,368972.337078652
10461,2008,400741.204481793
10461,2009,261345.623287671
10461,2010,279795.569131833
10461,2011,233858.800675676
10461,2012,276897.186335404
10461,2013,251385.851515152
10461,2014,476615.887640449
10462,2003,146608.982022472
10462,2004,142104.782039289
10462,2005,249510.869715272
10462,2006,238813.461956522
10462,2007,266946.732122588
10462,2008,190044.238655462
10462,2009,255382.671270718
10462,2010,193831.95177665
10462,2011,313770.229226361
10462,2012,357215.490813648
10462,2013,225307.769053118
10462,2014,520304.491847826
10463,2003,344971.807291667
10463,2004,442997.826732673
10463,2005,525006.497175141
10463,2006,821599.6875
10463,2007,470952.461904762
10463,2008,1083920.16788321
10463,2009,570060.261363636
10463,2010,707454.666666667
10463,2011,517859.638655462
10463,2012,612829.172727273
10463,2013,617891.85645933
10463,2014,901700.188034188
10464,2003,249516.456521739
10464,2004,321379.5
10464,2005,357470.032258065
10464,2006,351420.803278689
10464,2007,356171.428571429
10464,2008,171231.716049383
10464,2009,257797.897058824
10464,2010,285291.37254902
10464,2011,214743.933333333
10464,2012,206215.947368421
10464,2013,264783.854166667
10464,2014,346075.438596491
10465,2003,191251.856403622
10465,2004,231984.41086351
10465,2005,314762.121854305
10465,2006,342493.044615385
10465,2007,338723.545454545
10465,2008,280297.235436893
10465,2009,229668.435530086
10465,2010,248793.075075075
10465,2011,234179.719135802
10465,2012,239535.381107492
10465,2013,243926.762376238
10465,2014,266470.552980132
10466,2003,167509.455583756
10466,2004,215130.835414302
10466,2005,286879.443194601
10466,2006,309262.865577889
10466,2007,405185.307565789
10466,2008,265443.133891213
10466,2009,219972.684085511
10466,2010,271624.740458015
10466,2011,340111.726315789
10466,2012,341565.245454545
10466,2013,343215.623626374
10466,2014,345743.316326531
10467,2003,234377.844863732
10467,2004,384840.591111111
10467,2005,571513.84067086
10467,2006,524629.865384615
10467,2007,580324.646616541
10467,2008,464008.805280528
10467,2009,317117.071428571
10467,2010,350750.709090909
10467,2011,409365.528205128
10467,2012,618498.713615024
10467,2013,550479.421875
10467,2014,660576.6
10468,2003,409929.539007092
10468,2004,906622.904761905
10468,2005,543482
10468,2006,892944.75
10468,2007,1244270.456
10468,2008,1213071.97916667
10468,2009,869428.46835443
10468,2010,906104.797101449
10468,2011,1131949.95238095
10468,2012,1223038.78666667
10468,2013,1188272.55681818
10468,2014,2487902.73170732
10469,2003,175248.563674322
10469,2004,221728.886260237
10469,2005,362373.806776557
10469,2006,328319.765482233
10469,2007,476269.972740316
10469,2008,261623.285971223
10469,2009,242991.830917874
10469,2010,224551.113425926
10469,2011,233217.234468938
10469,2012,212092.123348018
10469,2013,220488.968992248
10469,2014,301145.938574939
10470,2003,180889.472222222
10470,2004,298092.745192308
10470,2005,360037.38410596
10470,2006,313897.101265823
10470,2007,432572.488188976
10470,2008,252067.855555556
10470,2009,243050.088235294
10470,2010,291791.337837838
10470,2011,192093.263888889
10470,2012,283516.666666667
10470,2013,260836.79787234
10470,2014,521566.338028169
10471,2003,452732.488888889
10471,2004,561607.258503401
10471,2005,701318.702290076
10471,2006,689929.795081967
10471,2007,571954.607843137
10471,2008,686602
10471,2009,556192.3
10471,2010,547347.635416667
10471,2011,692874.333333333
10471,2012,586077.226086957
10471,2013,592658.451612903
10471,2014,615143.957894737
10472,2003,178990.938073394
10472,2004,327716.535714286
10472,2005,369279.555555556
10472,2006,456608.722222222
10472,2007,378929.288888889
10472,2008,458758.75462963
10472,2009,337668.192307692
10472,2010,271883.548611111
10472,2011,498935.738888889
10472,2012,268395.503401361
10472,2013,491456.493150685
10472,2014,367185.884615385
10473,2003,272651.024561403
10473,2004,208724.780952381
10473,2005,339821.471092077
10473,2006,290815.734989648
10473,2007,359091.241237113
10473,2008,267303.75
10473,2009,249697.229508197
10473,2010,272503.701067616
10473,2011,271145.370192308
10473,2012,364938.15819209
10473,2013,192997.659192825
10473,2014,287567.701149425
10474,2003,232254.2625
10474,2004,262772.97826087
10474,2005,488405.015873016
10474,2006,564950.527777778
10474,2007,485213.510204082
10474,2008,337344.375
10474,2009,150509.318181818
10474,2010,265898.689655172
10474,2011,169349.615384615
10474,2012,959015.545454545
10474,2013,609668.081081081
10474,2014,311283.722222222
10475,2003,192799.292682927
10475,2004,224335.714285714
10475,2005,262650
10475,2006,337775.730769231
10475,2007,258923.318181818
10475,2008,163333.333333333
10475,2009,173241.2
10475,2010,140000.952380952
10475,2011,206809.523809524
10475,2012,185231.9
10475,2013,406357.142857143
10475,2014,149078.133333333
10803,2004,533000
10803,2005,1550000
10803,2007,875000
10803,2008,0
10803,2009,1078333.33333333
10803,2010,0
10803,2011,0
10803,2012,211666.666666667
10803,2013,685833.333333333
11001,2003,237470.238095238
11001,2004,318062.011764706
11001,2005,336441.836734694
11001,2006,311001.479452055
11001,2007,305255.223880597
11001,2008,358175.917808219
11001,2009,299928.102941176
11001,2010,247556.603773585
11001,2011,242717.509803922
11001,2012,294326.527777778
11001,2013,266251.76744186
11001,2014,246327.115384615
11004,2003,206964.087912088
11004,2004,277822.490066225
11004,2005,368872.540540541
11004,2006,373399.815789474
11004,2007,446518.946564885
11004,2008,344294.728
11004,2009,278993.496062992
11004,2010,316694.869565217
11004,2011,283485.509433962
11004,2012,293003.655172414
11004,2013,336354.833333333
11004,2014,301407.636363636
11005,2003,368750
11005,2010,480000
11040,2003,205571.363636364
11040,2004,261726.578947368
11040,2005,359456.52173913
11040,2006,346027.777777778
11040,2007,383398.65
11040,2008,208172.1875
11040,2009,345048.5
11040,2010,386473.684210526
11040,2011,317964.285714286
11040,2012,240522.727272727
11040,2013,279041.666666667
11040,2014,309869.565217391
11101,2003,314854.066666667
11101,2004,473062.29661017
11101,2005,557473.155963303
11101,2006,641173.182539682
11101,2007,696445.427645788
11101,2008,636891.6
11101,2009,531279.335154827
11101,2010,588993.495297806
11101,2011,456106.971751412
11101,2012,434721.264033264
11101,2013,535511.695378151
11101,2014,645339.475655431
11102,2003,343172.182509506
11102,2004,331621.22826087
11102,2005,356043.694117647
11102,2006,378440.603389831
11102,2007,471462.520491803
11102,2008,342549.795918367
11102,2009,248818.516483516
11102,2010,413507.26984127
11102,2011,446468.308641975
11102,2012,398337.140350877
11102,2013,551430.719457014
11102,2014,522527.267045455
11103,2003,231454.737254902
11103,2004,319361.737588652
11103,2005,395172.52173913
11103,2006,486557.792792793
11103,2007,414393.944954128
11103,2008,345496.979338843
11103,2009,304377.547169811
11103,2010,325945.757936508
11103,2011,229252.088353414
11103,2012,318835.65530303
11103,2013,511618.312267658
11103,2014,587062.772151899
11104,2003,368378.903703704
11104,2004,460748.171641791
11104,2005,392408.516129032
11104,2006,937632.435483871
11104,2007,668804.406779661
11104,2008,587470.788461538
11104,2009,294846.702702703
11104,2010,300115.236111111
11104,2011,365875.302631579
11104,2012,323159.490909091
11104,2013,1214779.21088435
11104,2014,1000453.84090909
11105,2003,212812.551630435
11105,2004,265480.615168539
11105,2005,292801.806722689
11105,2006,374230.955017301
11105,2007,313660.401337793
11105,2008,377982.696750903
11105,2009,210899.031128405
11105,2010,255577.9125
11105,2011,297166.666666667
11105,2012,318285.170909091
11105,2013,328769.766784452
11105,2014,526255.674157303
11106,2003,254789.348039216
11106,2004,370438.448113208
11106,2005,330498.231527094
11106,2006,865196.296296296
11106,2007,443202.788888889
11106,2008,351358.267515924
11106,2009,166314.733333333
11106,2010,505723.428571429
11106,2011,429868.092827004
11106,2012,377160.288
11106,2013,866999.804979253
11106,2014,1116653.76642336
11109,2004,200000
11109,2009,911224.75
11109,2010,912341.526315789
11109,2011,988281.926829268
11109,2012,1142496.82857143
11109,2013,1129607.71428571
11109,2014,1083720.30769231
11201,2003,812437.281984334
11201,2004,676196.905714286
11201,2005,930509.707482993
11201,2006,1378195.54357798
11201,2007,1052705.70522388
11201,2008,922692.009560229
11201,2009,724393.476038339
11201,2010,741545.741176471
11201,2011,863481.446319018
11201,2012,1008579.74362245
11201,2013,1148913.16269285
11201,2014,1814486.8534279
11203,2003,152699.794178794
11203,2004,198365.636898921
11203,2005,321141.66180758
11203,2006,373707.038502674
11203,2007,378089.394345238
11203,2008,267681.28540305
11203,2009,209556.130769231
11203,2010,212202.576719577
11203,2011,249500.591836735
11203,2012,232881.516455696
11203,2013,307586.708520179
11203,2014,247265.652272727
11204,2003,220975.075757576
11204,2004,295858.275714286
11204,2005,382238.433641975
11204,2006,430384.568822554
11204,2007,419201.87250384
11204,2008,367069.269968051
11204,2009,343770.228373702
11204,2010,356060.952293578
11204,2011,364243.015564202
11204,2012,367900.50994575
11204,2013,386667.757281553
11204,2014,498173.374418605
11205,2003,290487.476890756
11205,2004,393747.12195122
11205,2005,400141.435661765
11205,2006,477027.787644788
11205,2007,494325.115196078
11205,2008,413678.107843137
11205,2009,347541.2578125
11205,2010,341040.997542998
11205,2011,418690.437810945
11205,2012,569060.80733945
11205,2013,587209.888111888
11205,2014,880361.674479167
11206,2003,199623.363354037
11206,2004,243484.792168675
11206,2005,326953.383838384
11206,2006,310961.391566265
11206,2007,348339.924290221
11206,2008,380462.76
11206,2009,283988.813953488
11206,2010,280286.516216216
11206,2011,291896.909333333
11206,2012,488772.094827586
11206,2013,447196.256227758
11206,2014,776294.367292225
11207,2003,177699.020104244
11207,2004,230869.772385509
11207,2005,305653.753104456
11207,2006,201035.829688814
11207,2007,326797.390852391
11207,2008,248348.667852906
11207,2009,240035.129662522
11207,2010,242927.090121317
11207,2011,238896.168490153
11207,2012,123818.528253425
11207,2013,290867.824242424
11207,2014,295373.959876543
11208,2003,170721.414451261
11208,2004,231717.561892417
11208,2005,292915.095528455
11208,2006,366598.738958471
11208,2007,319342.673684211
11208,2008,271435.290123457
11208,2009,224174.613095238
11208,2010,217609.326568266
11208,2011,218090.381516588
11208,2012,207581.257383966
11208,2013,225641.493617021
11208,2014,225792.611538462
11209,2003,284114.076797386
11209,2004,382333.27056962
11209,2005,487712.645107794
11209,2006,716976.969026549
11209,2007,508151.436681223
11209,2008,436022.444444444
11209,2009,423686.453865337
11209,2010,405498.746606335
11209,2011,452678.135294118
11209,2012,482504.817351598
11209,2013,488376.598639456
11209,2014,640212.462395543
11210,2003,254739.1265625
11210,2004,298803.890829694
11210,2005,507336.338514681
11210,2006,432897.562141491
11210,2007,478408.431865828
11210,2008,382676.294985251
11210,2009,304367.215384615
11210,2010,309413.990196078
11210,2011,412934.98089172
11210,2012,466332.559006211
11210,2013,453239.398058252
11210,2014,446312.73559322
11211,2003,209645.317666126
11211,2004,291645.277695716
11211,2005,451527.032341527
11211,2006,568315.387301587
11211,2007,573991.541887593
11211,2008,547575.757777778
11211,2009,413659.227951153
11211,2010,500446.727200634
11211,2011,711638.474889217
11211,2012,575014.309482759
11211,2013,629709.252595156
11211,2014,963953.116710875
11212,2003,171308.155821918
11212,2004,303506.851851852
11212,2005,303380.287648054
11212,2006,402850.145973154
11212,2007,683507.57300885
11212,2008,311225.819672131
11212,2009,350387.321585903
11212,2010,196208.217391304
11212,2011,305792.745945946
11212,2012,394027.930875576
11212,2013,322979.908424908
11212,2014,328662.497816594
11213,2003,213403.736
11213,2004,293280.138169257
11213,2005,449979.561302682
11213,2006,420403.629422719
11213,2007,377675.075609756
11213,2008,429069.530944625
11213,2009,270715.61423221
11213,2010,295382.535849057
11213,2011,420077.140893471
11213,2012,362611.042857143
11213,2013,452198.762004175
11213,2014,661141.960244648
11214,2003,264776.206849315
11214,2004,442721.275033378
11214,2005,381025.422459893
11214,2006,399567.509146341
11214,2007,458029.900719424
11214,2008,446675.170914543
11214,2009,363231.709470305
11214,2010,354053.960344828
11214,2011,388902.731759657
11214,2012,415833.366666667
11214,2013,418370.856508876
11214,2014,490209.883817427
11215,2003,360702.450819672
11215,2004,490591.227106227
11215,2005,653428.200274348
11215,2006,750449.638977636
11215,2007,729163.729411765
11215,2008,626351.542892157
11215,2009,536477.740079365
11215,2010,633713.026499303
11215,2011,690064.861918605
11215,2012,782217.669444444
11215,2013,993769.827737226
11215,2014,1156074.95255474
11216,2003,233721.189223058
11216,2004,274907.449519231
11216,2005,358410.820282413
11216,2006,403949.894736842
11216,2007,449135.068541301
11216,2008,353077.702764977
11216,2009,305525.956834532
11216,2010,327243.629333333
11216,2011,335292.040254237
11216,2012,455986.925690021
11216,2013,519887.072727273
11216,2014,641321.006451613
11217,2003,410762.622767857
11217,2004,566706.122194514
11217,2005,695640.120845921
11217,2006,597656.8
11217,2007,809196.666666667
11217,2008,758545.63377193
11217,2009,643229.780979827
11217,2010,623706.417391304
11217,2011,837945.43772242
11217,2012,824296.05625
11217,2013,1060393.11171662
11217,2014,1285264.31983806
11218,2003,245494.19047619
11218,2004,364760.807622505
11218,2005,437318.237749546
11218,2006,499927.554347826
11218,2007,457939.015936255
11218,2008,422027.097014925
11218,2009,300121.56097561
11218,2010,451967.76993865
11218,2011,365025.168789809
11218,2012,432612.470588235
11218,2013,472814.286363636
11218,2014,589450.2
11219,2003,219779.632352941
11219,2004,275932.15971223
11219,2005,366383.230016313
11219,2006,334955.288611544
11219,2007,375468.867052023
11219,2008,352933.348432056
11219,2009,323078.159851301
11219,2010,299170.731958763
11219,2011,293208.396126761
11219,2012,322957.213114754
11219,2013,398465.069084629
11219,2014,428234.915983607
11220,2003,303981.492939666
11220,2004,341558.568888889
11220,2005,411033.426948052
11220,2006,433802.453590193
11220,2007,447670.899659864
11220,2008,415481.387312187
11220,2009,375187.858606557
11220,2010,410892.127789047
11220,2011,435389.010288066
11220,2012,403032.500974659
11220,2013,508653.98487395
11220,2014,558963.007371007
11221,2003,211018.391729323
11221,2004,277730.916779432
11221,2005,361145.155898876
11221,2006,399778.01264881
11221,2007,374904.345251397
11221,2008,303595.461883408
11221,2009,255469.939655172
11221,2010,284901.654510557
11221,2011,287703.483992467
11221,2012,342657.906504065
11221,2013,401289.746254682
11221,2014,566676.218670077
11222,2003,201015.691318328
11222,2004,297522.976539589
11222,2005,357007.965333333
11222,2006,445032.652046784
11222,2007,409116.573964497
11222,2008,424203.02200489
11222,2009,320879.781376518
11222,2010,598286.207977208
11222,2011,478981.321266968
11222,2012,548739.350125945
11222,2013,933654.754342432
11222,2014,862263.179930796
11223,2003,310088.114245416
11223,2004,364135.398160315
11223,2005,439902.308743169
11223,2006,473804.329032258
11223,2007,462240.768500949
11223,2008,389134.507905138
11223,2009,362598.418348624
11223,2010,363364.922522523
11223,2011,401673.298136646
11223,2012,396347.900684931
11223,2013,507689.5129683
11223,2014,548594.027334852
11224,2003,211256.732718894
11224,2004,336402.719665272
11224,2005,286533.343478261
11224,2006,327282.568421053
11224,2007,210723.82712766
11224,2008,260902.320261438
11224,2009,224205.71641791
11224,2010,241979
11224,2011,257889.404411765
11224,2012,261271.855855856
11224,2013,683221.664122137
11224,2014,371782.117647059
11225,2003,222513.507788162
11225,2004,361532.089783282
11225,2005,487658.792168675
11225,2006,734752.731117825
11225,2007,615001.985347985
11225,2008,756122.529661017
11225,2009,349617.974842767
11225,2010,549932.18902439
11225,2011,569787.504716981
11225,2012,597911.131455399
11225,2013,776102.657258064
11225,2014,860239.313901345
11226,2003,320170.818965517
11226,2004,315639.215686275
11226,2005,620439.808139535
11226,2006,903816.403809524
11226,2007,697941.799504951
11226,2008,897937.064516129
11226,2009,330390.363636364
11226,2010,522730.706140351
11226,2011,634745.744769874
11226,2012,744272.498007968
11226,2013,774166.536050157
11226,2014,1113662.85478548
11228,2003,260280.597582038
11228,2004,344403.252650177
11228,2005,409203.520446097
11228,2006,429486.57918552
11228,2007,408694.073770492
11228,2008,394000.663019694
11228,2009,316678.836185819
11228,2010,412255.895013123
11228,2011,397089.639889197
11228,2012,371218.074561403
11228,2013,444374.335294118
11228,2014,469042.877192982
11229,2003,228320.877739331
11229,2004,331601.408602151
11229,2005,396281.467336683
11229,2006,395624.228209192
11229,2007,403420.309171598
11229,2008,349509.579710145
11229,2009,276539.005319149
11229,2010,336744.002016129
11229,2011,381798.049462366
11229,2012,321024.478664193
11229,2013,347283.687782805
11229,2014,450938.103333333
11230,2003,328619.849315069
11230,2004,452069.79338843
11230,2005,551728.198364008
11230,2006,546808.767741935
11230,2007,530940.296127563
11230,2008,450574.979118329
11230,2009,374661.877906977
11230,2010,439855.575851393
11230,2011,486833.880116959
11230,2012,474148.615034169
11230,2013,543796.086247086
11230,2014,591833.943820225
11231,2003,391367.393867925
11231,2004,485635.606280193
11231,2005,657995.98489426
11231,2006,608545.439790576
11231,2007,570203.986486487
11231,2008,612001.195945946
11231,2009,542459.395256917
11231,2010,577482.791044776
11231,2011,666405.75826972
11231,2012,787533.608142494
11231,2013,1027675.91563275
11231,2014,1112976.08695652
11232,2003,200436.441048035
11232,2004,320887.327868852
11232,2005,393208
11232,2006,397552.994764398
11232,2007,411557.618181818
11232,2008,362936.45212766
11232,2009,252751.153005464
11232,2010,342624.512396694
11232,2011,320212.196969697
11232,2012,481996.681818182
11232,2013,489726.81420765
11232,2014,548925.62406015
11233,2003,191641.404841402
11233,2004,265160.039711191
11233,2005,337259.255632582
11233,2006,375788.616022099
11233,2007,330304.680907877
11233,2008,320011.982110912
11233,2009,283804.336082474
11233,2010,297602.011337868
11233,2011,288865.04595186
11233,2012,327320.835294118
11233,2013,343943.825814536
11233,2014,449661.053225806
11234,2003,235512.697225573
11234,2004,285233.199891658
11234,2005,353464.162898936
11234,2006,349287.40776699
11234,2007,389612.676637025
11234,2008,317795.919746568
11234,2009,305514.483271375
11234,2010,312115.083123426
11234,2011,308321.828746177
11234,2012,254209.650943396
11234,2013,298217.620837809
11234,2014,326364.296943231
11235,2003,341233.676040495
11235,2004,496361.950506187
11235,2005,496925.657534247
11235,2006,532849.818548387
11235,2007,430135.491643454
11235,2008,407799.029411765
11235,2009,346011.268602541
11235,2010,379548.698884758
11235,2011,556351.21335807
11235,2012,367121.155945419
11235,2013,374694.083557951
11235,2014,724779.474860335
11236,2003,165221.530395984
11236,2004,219992.151408451
11236,2005,285908.232081911
11236,2006,320283.609558824
11236,2007,293699.239772727
11236,2008,247685.457597173
11236,2009,222830.252767528
11236,2010,224771.629707113
11236,2011,265126.31441048
11236,2012,221391.030188679
11236,2013,218360.170138889
11236,2014,269051.339506173
11237,2003,197663.457013575
11237,2004,235744.816742081
11237,2005,343070.997685185
11237,2006,371894.491071429
11237,2007,384048.591911765
11237,2008,421656.555194805
11237,2009,224035.147928994
11237,2010,289515.661691542
11237,2011,311026.947368421
11237,2012,386041.35042735
11237,2013,322887.403892944
11237,2014,662917.419847328
11238,2003,377897.667322835
11238,2004,354710.212765957
11238,2005,516035.4
11238,2006,487860.304526749
11238,2007,558830.203501094
11238,2008,561383.069868996
11238,2009,562664.584810127
11238,2010,449586
11238,2011,526796.447513812
11238,2012,664819.3234714
11238,2013,774564.486288848
11238,2014,1010451.94310722
11239,2003,64632.5555555556
11239,2004,102625
11239,2005,108000
11239,2006,156022.222222222
11239,2007,357100
11239,2008,169780
11239,2009,273338.127659574
11239,2010,258857.052631579
11239,2011,162097.314285714
11239,2012,371449.806451613
11239,2013,374693.881355932
11239,2014,173582.222222222
11243,2008,410670
11243,2009,265000
11243,2010,683617.647058823
11243,2011,1195960.2
11243,2012,365420
11249,2012,1202320.79532164
11249,2013,1120259.51351351
11249,2014,1434895.82644628
11354,2003,341805.815384615
11354,2004,451168.089026915
11354,2005,389656.987447699
11354,2006,485295.894736842
11354,2007,493097.154013015
11354,2008,540032.263598326
11354,2009,377024.455974843
11354,2010,1036296.72329247
11354,2011,364924.152963671
11354,2012,435907.220430108
11354,2013,611422.328710125
11354,2014,510496.422572178
11355,2003,264262.913105413
11355,2004,434394.26092545
11355,2005,418947.405080214
11355,2006,455006.163235294
11355,2007,488815.493793103
11355,2008,438449.091032609
11355,2009,329005.735674677
11355,2010,366548.083769633
11355,2011,332242.334841629
11355,2012,349993.392670157
11355,2013,434918.816411683
11355,2014,493433.389632107
11356,2003,330004.130859375
11356,2004,347796.197822142
11356,2005,451836.969631236
11356,2006,460400.606435644
11356,2007,410181.088607595
11356,2008,396692.729824561
11356,2009,367208.575289575
11356,2010,324560.803389831
11356,2011,344309.307692308
11356,2012,356380.945848375
11356,2013,475566.821917808
11356,2014,476407.028985507
11357,2003,290763.23853211
11357,2004,400362.982089552
11357,2005,452177.061516452
11357,2006,465564.440285205
11357,2007,476560.362676056
11357,2008,400677.033126294
11357,2009,323535.773033708
11357,2010,356697.665148064
11357,2011,339932.307304786
11357,2012,350315.995475113
11357,2013,439575.254901961
11357,2014,540991.890585242
11358,2003,306231.887804878
11358,2004,367316.368770764
11358,2005,407686.243713733
11358,2006,439250.996138996
11358,2007,438388.985691574
11358,2008,402725.256461233
11358,2009,330011.286956522
11358,2010,357154.924242424
11358,2011,391404.487671233
11358,2012,421165.51543943
11358,2013,437057.235849057
11358,2014,522210.856
11360,2003,335504.8
11360,2004,395167.348837209
11360,2005,460773.520504732
11360,2006,450916.90530303
11360,2007,470613.194174757
11360,2008,357795.398406375
11360,2009,327005
11360,2010,366206.615
11360,2011,382283.45814978
11360,2012,367787.818584071
11360,2013,460112.866666667
11360,2014,470789.989949749
11361,2003,303485.523613963
11361,2004,390781.598825832
11361,2005,418164.891156463
11361,2006,447590.463302752
11361,2007,431489.752525253
11361,2008,434756.206896552
11361,2009,369561.616949153
11361,2010,401182.617088608
11361,2011,412329.33976834
11361,2012,379747.093247588
11361,2013,400655.938502674
11361,2014,551812.032388664
11362,2003,342368.153374233
11362,2004,407296.583333333
11362,2005,501292.658703072
11362,2006,521912.873684211
11362,2007,522080.296875
11362,2008,500594.162162162
11362,2009,459180.069518717
11362,2010,414041.195876289
11362,2011,375356.416184971
11362,2012,441146.40625
11362,2013,512782.6875
11362,2014,547102.974683544
11363,2003,408459.874125874
11363,2004,488089.62601626
11363,2005,559202.230769231
11363,2006,544138.37755102
11363,2007,595968.53
11363,2008,622619.235955056
11363,2009,441029.306930693
11363,2010,412216.743902439
11363,2011,1138628.17741935
11363,2012,343030.085365854
11363,2013,1807586.57391304
11363,2014,490946.415384615
11364,2003,303115.572033898
11364,2004,400952.838966203
11364,2005,445244.206521739
11364,2006,412878.106382979
11364,2007,474437.297297297
11364,2008,442267.332378223
11364,2009,375556.067846608
11364,2010,421634.681528662
11364,2011,418179.181184669
11364,2012,399795.340490798
11364,2013,485944.867816092
11364,2014,546056.736401674
11365,2003,277660.57537155
11365,2004,358294.302411874
11365,2005,437252.216014898
11365,2006,441178.002304147
11365,2007,471036.344608879
11365,2008,372642.090909091
11365,2009,338002.732186732
11365,2010,351627.99
11365,2011,353339.398058252
11365,2012,372597.339726027
11365,2013,432073.182022472
11365,2014,422790.037837838
11366,2003,325527.189830508
11366,2004,327254.268774704
11366,2005,401673.567049808
11366,2006,401812.828703704
11366,2007,441061.478672986
11366,2008,424965.710900474
11366,2009,371908.074712644
11366,2010,361277.67357513
11366,2011,307692.01875
11366,2012,342594.964539007
11366,2013,418318.72972973
11366,2014,492958.197183099
11367,2003,338746.70263789
11367,2004,1016447.13425926
11367,2005,382801.356643357
11367,2006,342175.556574924
11367,2007,352950.457478006
11367,2008,746810.549342105
11367,2009,312687.464566929
11367,2010,278245.413385827
11367,2011,283613.650980392
11367,2012,288077.092307692
11367,2013,332668.206790123
11367,2014,1223528.25403226
11368,2003,284536.201395813
11368,2004,361880.555769231
11368,2005,491297.868257261
11368,2006,505462.93968254
11368,2007,480080.786783042
11368,2008,421676.445920304
11368,2009,333053.826804124
11368,2010,320194.662561576
11368,2011,377422.333333333
11368,2012,336418.004962779
11368,2013,406885.537313433
11368,2014,491270.344748858
11369,2003,244827.566318927
11369,2004,310207.833333333
11369,2005,396848.980683507
11369,2006,463611.642487047
11369,2007,367344.297423888
11369,2008,377236.021978022
11369,2009,306838.926345609
11369,2010,297014.23630137
11369,2011,308731.07755102
11369,2012,331222.646428571
11369,2013,343316.855172414
11369,2014,407617.847826087
11370,2003,233783.420886076
11370,2004,292416.409766454
11370,2005,369504.951156812
11370,2006,372264.92513369
11370,2007,364263.385350318
11370,2008,319902.878571429
11370,2009,256822.279279279
11370,2010,264525.884
11370,2011,238640.123595506
11370,2012,262197.526315789
11370,2013,269923.948717949
11370,2014,314113.037837838
11371,2004,0
11372,2003,253176.671641791
11372,2004,411941.374125874
11372,2005,505430.828571429
11372,2006,740025.158590308
11372,2007,497452.248780488
11372,2008,613030.821621622
11372,2009,333831.773109244
11372,2010,398227.852112676
11372,2011,427567.844444444
11372,2012,341681.935064935
11372,2013,1382372.1959799
11372,2014,679807.531746032
11373,2003,327828.946991404
11373,2004,382028.740370899
11373,2005,475322.408571429
11373,2006,518130.097072419
11373,2007,374018.477079796
11373,2008,567912.881226054
11373,2009,352365.21484375
11373,2010,346730.593117409
11373,2011,349539.95
11373,2012,380837.469662921
11373,2013,775782.99592668
11373,2014,668695.984375
11374,2003,260989.056426332
11374,2004,282887.593548387
11374,2005,497170.370860927
11374,2006,567147.105839416
11374,2007,468002.666666667
11374,2008,673052.271255061
11374,2009,307013.668393782
11374,2010,333874.937142857
11374,2011,328463.928571429
11374,2012,336472.445544554
11374,2013,1016920.0969697
11374,2014,422094.440191388
11375,2003,333313.108655617
11375,2004,469864.209764919
11375,2005,513418.445471349
11375,2006,622416.619256017
11375,2007,590482.059241706
11375,2008,435847.228395062
11375,2009,427495.655778894
11375,2010,444620.85492228
11375,2011,450805.983914209
11375,2012,464340.706521739
11375,2013,534776.676328502
11375,2014,710805.884615385
11377,2003,297014.621813031
11377,2004,343094.226666667
11377,2005,431532.425081433
11377,2006,536720.255536627
11377,2007,471814.522988506
11377,2008,395776.778251599
11377,2009,309315.655526992
11377,2010,364008.131147541
11377,2011,355972.138028169
11377,2012,275267.675609756
11377,2013,627968.502347418
11377,2014,525210.330601093
11378,2003,218340.008944544
11378,2004,248378.514782609
11378,2005,350300.676470588
11378,2006,376652.393822394
11378,2007,380919.196969697
11378,2008,318408.771498772
11378,2009,277931.014619883
11378,2010,293878.48115942
11378,2011,302581.803278689
11378,2012,307738.383233533
11378,2013,320208.797900262
11378,2014,404951.130990415
11379,2003,211578.950387597
11379,2004,278430.749206349
11379,2005,350079.903914591
11379,2006,334603.637623762
11379,2007,353923.19
11379,2008,297486.331564987
11379,2009,296576.408060453
11379,2010,308922.472727273
11379,2011,287001.871866295
11379,2012,276528.818858561
11379,2013,298903.457013575
11379,2014,354869.914666667
11385,2003,225668.860082305
11385,2004,286413.743652744
11385,2005,347698.381074169
11385,2006,372833.668008048
11385,2007,345688.013559322
11385,2008,306433.533700138
11385,2009,292015.433862434
11385,2010,288551.478537361
11385,2011,268354.098807496
11385,2012,303783.631811487
11385,2013,351967.172458172
11385,2014,418583.416243655
11411,2003,158380.665198238
11411,2004,213733.47597254
11411,2005,238745.225287356
11411,2006,285436.25
11411,2007,253641.973684211
11411,2008,228063.659292035
11411,2009,190807.287610619
11411,2010,234122.468085106
11411,2011,180232.375757576
11411,2012,205103.826589595
11411,2013,198033.663366337
11411,2014,211865.111731844
11412,2003,171958.077586207
11412,2004,189511.678571429
11412,2005,255046.306613226
11412,2006,291624.597888676
11412,2007,281054.271889401
11412,2008,241943.808333333
11412,2009,214198.196190476
11412,2010,235853.898128898
11412,2011,218589.779411765
11412,2012,226115.907317073
11412,2013,238849.754527163
11412,2014,226069.90616622
11413,2003,165251.75660793
11413,2004,202535.384164223
11413,2005,284301.070960699
11413,2006,316756.152806653
11413,2007,298196.786226686
11413,2008,274715.529610829
11413,2009,231088.487854251
11413,2010,237002.950643777
11413,2011,208155.849148418
11413,2012,227449.900497512
11413,2013,220559.537117904
11413,2014,240551.346875
11414,2003,221232.810267857
11414,2004,263810.340681363
11414,2005,311326.251599147
11414,2006,307509.412026726
11414,2007,294529.964285714
11414,2008,256473.727564103
11414,2009,231289.661538462
11414,2010,226267.895424837
11414,2011,271437.875968992
11414,2012,226207.115044248
11414,2013,240297.820588235
11414,2014,295329.395683453
11415,2003,333689.60483871
11415,2004,380472.718446602
11415,2005,497833.016
11415,2006,656022.573333333
11415,2007,447184.278481013
11415,2008,602498.193548387
11415,2009,380724.24
11415,2010,488588.393939394
11415,2011,585233.753246753
11415,2012,354052.5
11415,2013,635569.6125
11415,2014,634609.75862069
11416,2003,187622.826510721
11416,2004,277655.259259259
11416,2005,354041.473333333
11416,2006,407560.585
11416,2007,359105.582317073
11416,2008,338536.039647577
11416,2009,264108.539007092
11416,2010,234635.064777328
11416,2011,234330.618604651
11416,2012,191384.783251232
11416,2013,237402.816326531
11416,2014,302548.048387097
11417,2003,179608.003338898
11417,2004,246844.265472313
11417,2005,323517.076142132
11417,2006,363725.484346225
11417,2007,289859.744565217
11417,2008,260897.706070288
11417,2009,249487.146875
11417,2010,234772.057142857
11417,2011,230731.978723404
11417,2012,241290.13304721
11417,2013,261192.790163934
11417,2014,294471.48372093
11418,2003,222253.295971979
11418,2004,303046.237704918
11418,2005,360168.664921466
11418,2006,436014.63869863
11418,2007,371190.693370166
11418,2008,322208.135658915
11418,2009,246609.832089552
11418,2010,254439.761904762
11418,2011,239980.107758621
11418,2012,273669.684
11418,2013,281104.775
11418,2014,335517.182648402
11419,2003,183724.462941847
11419,2004,252987.881374723
11419,2005,337657.870162297
11419,2006,377822.479885057
11419,2007,311039.696397942
11419,2008,245591.182044888
11419,2009,219841.947976879
11419,2010,208594.132564842
11419,2011,208479.681818182
11419,2012,193894.299342105
11419,2013,242747.676557864
11419,2014,260707.241258741
11420,2003,188377.501234568
11420,2004,244885.844480258
11420,2005,331063.09608209
11420,2006,369786.35
11420,2007,331932.384925976
11420,2008,268423.472131148
11420,2009,251858.74863388
11420,2010,240420.289473684
11420,2011,215773.409292035
11420,2012,224901.484107579
11420,2013,227803.453563715
11420,2014,279801.398148148
11421,2003,218473.006045949
11421,2004,312092.650385604
11421,2005,383663.032042724
11421,2006,389014.087407407
11421,2007,379315.201834862
11421,2008,293894.296636086
11421,2009,244183.611570248
11421,2010,252637.617250674
11421,2011,271505.756756757
11421,2012,254037.923076923
11421,2013,318255.200573066
11421,2014,324079.457364341
11422,2003,174670.894582723
11422,2004,222916.930458971
11422,2005,300504.496206373
11422,2006,343105.202662722
11422,2007,310922.85619469
11422,2008,274414.904
11422,2009,257525.785507246
11422,2010,240325.879120879
11422,2011,256247.08677686
11422,2012,226063.588461538
11422,2013,219744.210191083
11422,2014,263153.069892473
11423,2003,208111.289320388
11423,2004,257738.444015444
11423,2005,339688.005988024
11423,2006,397300.596982759
11423,2007,332275.752380952
11423,2008,334550.580645161
11423,2009,252659.621495327
11423,2010,282366.018867925
11423,2011,298921.528301887
11423,2012,281705.811926606
11423,2013,407245.560606061
11423,2014,434807.757425743
11426,2003,230834.464589235
11426,2004,302182.266871166
11426,2005,384108.425076453
11426,2006,363578.873646209
11426,2007,357927.660944206
11426,2008,300933.495689655
11426,2009,327974.707446809
11426,2010,280192.318181818
11426,2011,631627.098159509
11426,2012,284455.118226601
11426,2013,309049.971962617
11426,2014,335960.603896104
11427,2003,220493.011267606
11427,2004,282661.569014085
11427,2005,329419.296072508
11427,2006,379136.975778547
11427,2007,712908.268
11427,2008,301093.743315508
11427,2009,286444.010362694
11427,2010,321450.02259887
11427,2011,289057.186046512
11427,2012,323701.20338983
11427,2013,297092.613733906
11427,2014,358601.04
11428,2003,179035.432801822
11428,2004,255888.852130326
11428,2005,310049.206043956
11428,2006,332317.096774194
11428,2007,311078.504166667
11428,2008,270290.331753555
11428,2009,234582.709090909
11428,2010,229130.303797468
11428,2011,184632.108843537
11428,2012,215045.805405405
11428,2013,220069.005464481
11428,2014,250839.99270073
11429,2003,160753.574817518
11429,2004,204172.041791045
11429,2005,267450.85738255
11429,2006,307254.701149425
11429,2007,266865.208121827
11429,2008,238291.963414634
11429,2009,217749.636363636
11429,2010,228070.630136986
11429,2011,192733.909090909
11429,2012,210165.73877551
11429,2013,236121.304029304
11429,2014,246619.890625
11430,2003,910500
11430,2004,640000
11430,2012,16450000
11432,2003,274594.462406015
11432,2004,543214.428825623
11432,2005,469635.980935875
11432,2006,439945.896551724
11432,2007,461163.147806005
11432,2008,363465.609550562
11432,2009,301119.52681388
11432,2010,365686.180272109
11432,2011,315815.697068404
11432,2012,446175.419708029
11432,2013,404591.886904762
11432,2014,512209.114906832
11433,2003,166104.294392523
11433,2004,216407.962851406
11433,2005,305071.68380744
11433,2006,338262.562893082
11433,2007,324025.370101597
11433,2008,272868.791127542
11433,2009,247217.394927536
11433,2010,261447.497247706
11433,2011,225256.55408971
11433,2012,219252.967741935
11433,2013,234093.413881748
11433,2014,244446.016778523
11434,2003,163067.298507463
11434,2004,205360.269061584
11434,2005,262012.954135338
11434,2006,326991.516641452
11434,2007,296213.541621622
11434,2008,276293.607387141
11434,2009,234300.775297619
11434,2010,230052.996965099
11434,2011,211738.122
11434,2012,203792.407265774
11434,2013,234400.937806874
11434,2014,232074.353629977
11435,2003,214556.97586727
11435,2004,255801.973837209
11435,2005,335242.303680982
11435,2006,414135.554934823
11435,2007,335683.246406571
11435,2008,398876.354748603
11435,2009,319939.860248447
11435,2010,256938.658959538
11435,2011,269755.332061069
11435,2012,356429.727272727
11435,2013,266393.164983165
11435,2014,276743.797356828
11436,2003,156567.221658206
11436,2004,214818.99858156
11436,2005,274432.89619883
11436,2006,326419.75
11436,2007,276342.151138716
11436,2008,255605.35768262
11436,2009,219787.546218487
11436,2010,191930.736842105
11436,2011,193570.219917012
11436,2012,195960.077821012
11436,2013,206804.540059347
11436,2014,214792.640394089
11691,2003,212871.253644315
11691,2004,312910.251646904
11691,2005,376588.82278481
11691,2006,501823.837431694
11691,2007,414409.733438486
11691,2008,254897.455752212
11691,2009,239167.47601476
11691,2010,219927.585831063
11691,2011,387818.718518518
11691,2012,178859.259953162
11691,2013,263074.006849315
11691,2014,480310.461538462
11692,2003,194244.218623482
11692,2004,234154.319502075
11692,2005,315141.21942446
11692,2006,392097.250825083
11692,2007,332907.166666667
11692,2008,397992.62037037
11692,2009,382906.511764706
11692,2010,279235.134146341
11692,2011,367073.342105263
11692,2012,1408970.19642857
11692,2013,379051.145454545
11692,2014,312107.56
11693,2003,182727.973856209
11693,2004,274371.37037037
11693,2005,254052.061452514
11693,2006,290472.299342105
11693,2007,334311.729281768
11693,2008,255074.552447552
11693,2009,207025.817204301
11693,2010,226773.063829787
11693,2011,247946.945578231
11693,2012,231082.972222222
11693,2013,133019.141304348
11693,2014,322899.23880597
11694,2003,303838.868035191
11694,2004,484469.843137255
11694,2005,460455.829457364
11694,2006,456136.60899654
11694,2007,415676.954918033
11694,2008,371034.056179775
11694,2009,451421.658031088
11694,2010,332641.748768473
11694,2011,424819.242268041
11694,2012,344310.502673797
11694,2013,358145.733333333
11694,2014,414980.731843575
11696,2004,480000
11697,2004,396666.666666667
11697,2005,580000
11697,2011,3000000
